Age,Monthly_Income,Num_Dependents,Loan_Tenure,Interest_Rate,Outstanding_Loan_Amount,Collection_Attempts,EMI_to_Income_Ratio,Collateral_Coverage,Default_Severity,Borrower_Segment,Segment_Name,High_Risk_Flag,Predicted_High_Risk,Predicted_Risk_Score,Recovery_Strategy
41,238224,3,36,15.86,129965.525042383,6,0.015154434481832225,1.4775899603450426,111,3,"Secured, Moderate Risk Borrowers",0,,,
64,249614,0,72,7.9,680411.848349498,1,0.03785909444181817,0.5811642244637124,0,1,"Affluent, Low Risk Borrowers",0,,,
29,24847,0,72,7.58,319736.833396768,7,0.17872539944460095,1.3532424691971177,0,3,"Secured, Moderate Risk Borrowers",0,,,
42,133154,3,24,8.82,703320.021155911,3,0.2200835123240759,0.6715963670651904,513,2,"High Income, High Default Risk Borrowers",1,,,
44,211133,2,12,17.02,541900.377300077,3,0.2138858444677052,1.0535585326623618,680,2,"High Income, High Default Risk Borrowers",1,,,
59,139457,3,36,9.57,533824.211449443,3,0.10632990814372889,0.9725154428195882,152,3,"Secured, Moderate Risk Borrowers",0,,,
63,140818,2,36,12.23,224973.921257009,2,0.044378417531849616,0.6322879476510366,56,1,"Affluent, Low Risk Borrowers",0,,,
42,173670,3,60,17.26,198635.325894906,2,0.019062532389013648,0.6718765121359237,176,3,"Secured, Moderate Risk Borrowers",0,,,
39,246804,0,60,13.46,1248200.80993899,8,0.0842909758350756,0.0,118,1,"Affluent, Low Risk Borrowers",0,,,
26,237500,2,60,8.83,1101165.30059316,3,0.07727477894736841,0.8764149625206956,240,3,"Secured, Moderate Risk Borrowers",0,,,
54,28669,3,12,7.94,955922.919984545,0,2.7786194146988037,0.732636638386774,100,0,"Low Income, High EMI Burden Borrowers",1,,,
37,182523,0,36,12.19,1246469.32035868,8,0.18969746278551197,1.1191680442430598,336,2,"High Income, High Default Risk Borrowers",1,,,
32,103733,0,48,12.7,386853.452583399,1,0.07769417639516836,0.6149063433619112,1305,2,"High Income, High Default Risk Borrowers",1,,,
47,94530,1,36,10.92,1297293.68194425,0,0.3812116788321168,0.896755056455532,0,0,"Low Income, High EMI Burden Borrowers",1,,,
50,246055,3,48,6.96,417774.868794357,2,0.03537274186665583,0.81404380691843,103,3,"Secured, Moderate Risk Borrowers",0,,,
55,230400,2,60,5.18,902911.403569325,2,0.06531475694444444,1.4857682495857434,142,3,"Secured, Moderate Risk Borrowers",0,,,
42,34816,3,48,9.56,1561797.4177508,1,0.9345545151654412,0.0,100,0,"Low Income, High EMI Burden Borrowers",1,,,
39,79674,0,12,9.76,416121.380852301,0,0.4352333258026458,0.0,0,0,"Low Income, High EMI Burden Borrowers",1,,,
54,232029,2,24,6.66,216178.4956434,3,0.03882031987380888,0.0,128,1,"Affluent, Low Risk Borrowers",0,,,
28,169268,0,36,6.2,53007.7869885112,10,0.008698868067207034,0.0,0,1,"Affluent, Low Risk Borrowers",0,,,
27,50946,0,72,9.07,517458.952412114,1,0.14106956385192165,0.0,327,1,"Affluent, Low Risk Borrowers",0,,,
26,212096,1,48,13.83,251171.542546093,3,0.024671563820156908,1.3587614298387058,157,3,"Secured, Moderate Risk Borrowers",0,,,
55,25382,0,24,6.05,86465.8576801809,6,0.14194074541013316,0.9802942587913566,315,0,"Low Income, High EMI Burden Borrowers",1,,,
42,140354,3,48,15.26,1007990.87047716,0,0.14962031719794236,0.0,26,1,"Affluent, Low Risk Borrowers",0,,,
57,63320,0,60,13.02,578626.213521779,2,0.15230211623499684,0.0,176,1,"Affluent, Low Risk Borrowers",0,,,
26,147439,0,48,13.43,1265836.32265874,9,0.17886441172281417,1.037584625692565,568,2,"High Income, High Default Risk Borrowers",1,,,
43,46007,1,36,6.29,213155.210997799,0,0.12869737213902233,1.3536545489411118,162,3,"Secured, Moderate Risk Borrowers",0,,,
62,42723,3,48,10.7,50698.2385105649,3,0.02472228073871217,0.7239245877965899,513,2,"High Income, High Default Risk Borrowers",1,,,
43,51059,3,48,7.03,963989.883321853,1,0.39333163595056697,1.3865025266418993,214,3,"Secured, Moderate Risk Borrowers",0,,,
28,53467,0,48,5.31,226290.322217134,2,0.08817363981521312,0.0,0,1,"Affluent, Low Risk Borrowers",0,,,
28,130395,3,12,6.97,47548.9800893747,2,0.030387821618927106,0.7315990247638997,920,2,"High Income, High Default Risk Borrowers",1,,,
22,94973,3,48,7.86,822335.81162992,2,0.18038811030503407,0.8393228356557105,0,3,"Secured, Moderate Risk Borrowers",0,,,
50,88794,3,24,8.26,163957.393977625,2,0.07693718044011984,0.0,350,1,"Affluent, Low Risk Borrowers",0,,,
40,78646,2,48,8.61,973084.746477505,2,0.25777026167891565,0.7609185796501684,140,3,"Secured, Moderate Risk Borrowers",0,,,
51,136237,2,36,10.75,1109180.51866061,2,0.22615420186880217,0.7617511001344847,18,3,"Secured, Moderate Risk Borrowers",0,,,
24,173056,3,48,7.06,729545.278108673,1,0.08782625277366864,0.0,165,1,"Affluent, Low Risk Borrowers",0,,,
27,124847,0,36,13.04,349636.145567905,1,0.07779217762541352,0.9123664872746804,316,3,"Secured, Moderate Risk Borrowers",0,,,
54,232285,3,48,14.32,814388.790842087,3,0.07304143616677788,0.0,332,1,"Affluent, Low Risk Borrowers",0,,,
24,210804,3,36,9.09,1229562.68897783,2,0.1620202652701087,0.7836079234171353,210,3,"Secured, Moderate Risk Borrowers",0,,,
53,88297,2,24,15.98,392437.36387115,2,0.18518817173856417,0.5686486661478722,0,3,"Secured, Moderate Risk Borrowers",0,,,
28,236427,0,72,6.14,1142483.77889582,3,0.0671151349042199,1.1617038454813502,219,3,"Secured, Moderate Risk Borrowers",0,,,
48,185604,1,12,11.81,123180.984311962,0,0.05530635115622508,0.8603940400541112,201,3,"Secured, Moderate Risk Borrowers",0,,,
60,160556,0,60,17.26,93217.1434616249,10,0.009676499165400233,0.0,179,1,"Affluent, Low Risk Borrowers",0,,,
56,194785,1,72,8.96,503303.41802593,0,0.035887414328618736,0.7098976295862336,49,1,"Affluent, Low Risk Borrowers",0,,,
32,120823,1,24,12.61,279236.2548946,7,0.09629656605116575,0.0,202,1,"Affluent, Low Risk Borrowers",0,,,
50,196187,2,36,10.6,1389518.10651421,7,0.19673948834530322,1.2545369159024613,0,3,"Secured, Moderate Risk Borrowers",0,,,
59,215641,2,36,15.85,1337482.34648733,3,0.17228769111625342,0.8986424942130612,375,2,"High Income, High Default Risk Borrowers",1,,,
64,24110,2,60,7.83,474944.42243375105,1,0.3283177104935711,0.0,155,1,"Affluent, Low Risk Borrowers",0,,,
27,126279,2,60,14.9,123821.094126002,1,0.016342226340088216,1.0346609230755246,222,3,"Secured, Moderate Risk Borrowers",0,,,
40,197573,2,60,11.51,40982.5498582881,6,0.0034571525461475,0.5722769475731759,312,3,"Secured, Moderate Risk Borrowers",0,,,
47,134264,3,48,13.38,402043.410909084,9,0.0623838109992254,1.2251111599333109,396,3,"Secured, Moderate Risk Borrowers",0,,,
61,60272,3,48,13.87,891816.163829293,0,0.308260883992567,0.7318412917147282,513,2,"High Income, High Default Risk Borrowers",1,,,
45,192953,0,12,17.97,395644.955796061,0,0.17087275139541755,1.4525167896845963,88,3,"Secured, Moderate Risk Borrowers",0,,,
48,19114,2,60,13.05,17239.9773649428,3,0.015032436957204142,1.4041353525781912,0,3,"Secured, Moderate Risk Borrowers",0,,,
50,82203,0,36,8.25,169628.339659603,7,0.05732029244674768,0.0,0,1,"Affluent, Low Risk Borrowers",0,,,
57,206305,0,60,9.13,227327.954866786,2,0.01836504204939289,0.0,213,1,"Affluent, Low Risk Borrowers",0,,,
56,204420,1,48,7.8,67579.7497917367,2,0.00688733979062714,0.0,168,1,"Affluent, Low Risk Borrowers",0,,,
34,48997,1,36,10.72,1403817.72880089,1,0.795863828397657,0.0,189,0,"Low Income, High EMI Burden Borrowers",1,,,
21,142810,3,60,15.71,52716.2959810928,0,0.0061522302359778725,1.044595448710749,69,3,"Secured, Moderate Risk Borrowers",0,,,
49,178189,0,36,14.9,750748.116534284,3,0.11703365527613939,0.0,0,1,"Affluent, Low Risk Borrowers",0,,,
55,72716,1,12,7.58,413442.006552764,1,0.4738090654051378,0.9454529297342872,252,0,"Low Income, High EMI Burden Borrowers",1,,,
47,103009,2,72,14.73,490032.652893698,0,0.06607199370928754,1.2390914219929536,0,3,"Secured, Moderate Risk Borrowers",0,,,
50,217903,3,72,8.64,405643.839578997,9,0.02585526587518299,0.0,438,1,"Affluent, Low Risk Borrowers",0,,,
32,180140,3,72,10.34,1595668.08187182,2,0.12302686799156212,0.0,0,1,"Affluent, Low Risk Borrowers",0,,,
21,218502,1,48,16.92,154104.478848432,2,0.014693275118763217,0.6942735710018016,537,3,"Secured, Moderate Risk Borrowers",0,,,
53,19358,1,12,11.56,45015.9250151679,0,0.19378706477941937,0.6931600084084335,97,0,"Low Income, High EMI Burden Borrowers",1,,,
55,150327,1,48,11.03,392256.200877593,1,0.05436149194755433,0.0,216,1,"Affluent, Low Risk Borrowers",0,,,
49,205961,1,60,12.12,92939.6452455202,2,0.007520792771447022,0.9828512744101038,16,3,"Secured, Moderate Risk Borrowers",0,,,
60,127418,2,24,10.78,1323596.49127984,3,0.4328262097976738,1.2126656189865481,0,0,"Low Income, High EMI Burden Borrowers",1,,,
52,239372,2,36,9.22,221929.340784863,9,0.025753638687900003,1.3364209229856372,0,3,"Secured, Moderate Risk Borrowers",0,,,
42,160282,1,36,15.29,576284.751761527,0,0.09987341061379319,0.7070570833830325,44,3,"Secured, Moderate Risk Borrowers",0,,,
60,87588,2,72,8.64,568179.822779622,8,0.09009670274466822,0.0,123,1,"Affluent, Low Risk Borrowers",0,,,
57,231184,0,60,6.85,243672.660061019,1,0.017567002906775556,1.0300624550517294,0,3,"Secured, Moderate Risk Borrowers",0,,,
22,78449,0,72,11.74,68321.2645424028,2,0.01209588395008222,0.0,90,1,"Affluent, Low Risk Borrowers",0,,,
59,188359,1,24,16.65,1155829.78595858,3,0.2556796861312706,1.0624293741179214,0,3,"Secured, Moderate Risk Borrowers",0,,,
33,208510,3,72,10.8,396759.251400342,3,0.02642822886192509,0.0,0,1,"Affluent, Low Risk Borrowers",0,,,
48,183722,3,48,15.14,905052.08216628,2,0.10262924418414779,0.0,0,1,"Affluent, Low Risk Borrowers",0,,,
32,113540,0,72,17.89,819030.828064561,2,0.1001887440549586,0.7165791856272412,828,2,"High Income, High Default Risk Borrowers",1,,,
61,122971,0,48,8.22,1037038.92839854,2,0.17569166714103324,0.0,58,1,"Affluent, Low Risk Borrowers",0,,,
22,193686,0,36,7.3,742843.392597528,2,0.10653604287351694,0.5016437571124495,20,3,"Secured, Moderate Risk Borrowers",0,,,
53,183452,3,48,16.64,56895.369774737,9,0.006461199659856529,1.2502607940873167,0,3,"Secured, Moderate Risk Borrowers",0,,,
29,152710,0,60,10.07,483715.686850746,0,0.05279241699954162,1.2440285803476763,195,3,"Secured, Moderate Risk Borrowers",0,,,
25,156826,1,60,16.22,329600.123586394,7,0.03502824786706286,0.5545119274378262,179,3,"Secured, Moderate Risk Borrowers",0,,,
59,82649,1,60,17.06,875490.423272566,8,0.1765479316144176,1.082628646040367,0,3,"Secured, Moderate Risk Borrowers",0,,,
46,46910,2,24,13.29,1294342.87601373,6,1.1496685141760818,1.0172934821522548,218,0,"Low Income, High EMI Burden Borrowers",1,,,
43,220768,0,72,5.59,478879.540190451,2,0.030127101753877374,0.0,142,1,"Affluent, Low Risk Borrowers",0,,,
45,83388,1,36,6.59,1005392.95062193,3,0.33491125821461126,0.0,114,0,"Low Income, High EMI Burden Borrowers",1,,,
48,185954,2,36,6.0,84786.7359489243,4,0.01266544414209966,0.8258813426157889,0,3,"Secured, Moderate Risk Borrowers",0,,,
33,219456,3,60,6.81,174851.171406514,7,0.013279153907844853,0.7670750074563324,234,3,"Secured, Moderate Risk Borrowers",0,,,
47,106736,2,36,13.86,211469.316021216,0,0.055034383900464695,0.6849202974671426,186,3,"Secured, Moderate Risk Borrowers",0,,,
25,79315,1,60,14.96,434600.551456641,4,0.09132370926054341,0.0,240,1,"Affluent, Low Risk Borrowers",0,,,
35,115494,2,60,10.77,289926.498785802,3,0.04183862365144509,0.9386475002460555,970,2,"High Income, High Default Risk Borrowers",1,,,
43,243984,0,36,14.83,191480.921923429,7,0.021800240999409796,0.0,30,1,"Affluent, Low Risk Borrowers",0,,,
31,101475,2,24,10.6,292208.248217513,0,0.11998364129095837,1.4115147258658458,0,3,"Secured, Moderate Risk Borrowers",0,,,
42,125944,0,36,13.48,1622079.82582175,1,0.35776035380804166,0.0,183,0,"Low Income, High EMI Burden Borrowers",1,,,
59,228883,0,48,8.3,234933.91626469,5,0.021384113280584403,0.0,237,1,"Affluent, Low Risk Borrowers",0,,,
46,211733,2,72,11.32,309070.295577911,1,0.020273835443695598,1.222784600621519,96,3,"Secured, Moderate Risk Borrowers",0,,,
41,70204,0,48,16.04,889936.531328696,3,0.26409235940972026,0.0,0,1,"Affluent, Low Risk Borrowers",0,,,
25,49084,0,48,14.87,248884.68581297,4,0.10563727487572326,1.1714060726437323,72,3,"Secured, Moderate Risk Borrowers",0,,,
59,51321,3,48,17.07,103122.800647711,2,0.04186181095457999,0.0,0,1,"Affluent, Low Risk Borrowers",0,,,
44,234249,1,72,8.88,131427.703149292,0,0.007792477235761946,0.0,332,1,"Affluent, Low Risk Borrowers",0,,,
23,226830,3,72,11.67,165543.020116672,9,0.010136269452894238,0.9502824838315255,22,3,"Secured, Moderate Risk Borrowers",0,,,
63,193936,0,60,6.93,1800582.92009338,4,0.15474032670571736,0.0,0,1,"Affluent, Low Risk Borrowers",0,,,
43,222815,2,60,6.24,58978.5883309393,4,0.004411641945111415,1.208899112773318,87,3,"Secured, Moderate Risk Borrowers",0,,,
37,211501,0,48,7.53,85220.4074205775,0,0.008394428395137613,1.0311094963375282,39,3,"Secured, Moderate Risk Borrowers",0,,,
21,146733,3,72,13.1,1540842.9742347,2,0.14584721909863493,0.782367919042657,330,2,"High Income, High Default Risk Borrowers",1,,,
35,118409,3,60,9.66,450011.031032058,2,0.06334130007009603,0.0,27,1,"Affluent, Low Risk Borrowers",0,,,
64,87240,2,48,17.27,1880951.15998271,0,0.44918019257221464,1.348923869476071,456,2,"High Income, High Default Risk Borrowers",1,,,
63,163159,1,60,16.87,135521.901231574,3,0.01384355138239386,1.3629223935109895,880,2,"High Income, High Default Risk Borrowers",1,,,
50,187395,3,48,12.56,1418352.56304352,0,0.15768302249259586,1.191416057513151,153,3,"Secured, Moderate Risk Borrowers",0,,,
56,27149,1,48,14.07,90034.9796666552,1,0.06909020590076982,1.1202413542689127,184,3,"Secured, Moderate Risk Borrowers",0,,,
57,39089,2,36,15.32,85488.4950991675,0,0.06075059479649006,1.37745212660317,306,3,"Secured, Moderate Risk Borrowers",0,,,
21,207018,2,60,13.38,502050.700624401,5,0.04041923890676173,0.0,0,1,"Affluent, Low Risk Borrowers",0,,,
37,37911,0,24,16.35,71521.6777225034,1,0.07860700060668407,0.7344994776740938,0,3,"Secured, Moderate Risk Borrowers",0,,,
57,23125,2,48,12.25,363541.363242674,1,0.3275148108108108,0.0,3,1,"Affluent, Low Risk Borrowers",0,,,
59,154978,0,12,10.73,79159.2067484115,7,0.04256475112596627,1.4807938054145835,0,3,"Secured, Moderate Risk Borrowers",0,,,
46,201994,3,48,17.93,509862.68469836,0,0.05258641345782548,0.5871092894614336,138,3,"Secured, Moderate Risk Borrowers",0,,,
28,119061,1,24,11.8,394388.86046208703,3,0.13802059448517986,0.0,41,1,"Affluent, Low Risk Borrowers",0,,,
39,89069,0,48,6.59,1297457.01548273,0,0.3034765182049871,0.0,960,2,"High Income, High Default Risk Borrowers",1,,,
55,227112,3,12,10.51,723845.481790256,2,0.26559785480291664,1.3150721006758108,175,3,"Secured, Moderate Risk Borrowers",0,,,
44,249182,2,48,17.51,148903.251766638,2,0.012449334221572987,0.8632727963988983,0,3,"Secured, Moderate Risk Borrowers",0,,,
21,92576,1,48,9.07,272210.547199807,3,0.0612583174904943,0.8146289089351981,70,3,"Secured, Moderate Risk Borrowers",0,,,
43,61413,0,72,7.48,947590.96147559,0,0.21430299773663555,0.0,0,1,"Affluent, Low Risk Borrowers",0,,,
28,96929,0,12,6.17,762418.940740655,0,0.6554788556572336,1.3259409191119211,64,0,"Low Income, High EMI Burden Borrowers",1,,,
53,169741,1,72,6.21,234888.460229431,4,0.01921951679323204,0.0,282,1,"Affluent, Low Risk Borrowers",0,,,
46,245145,3,24,17.87,1716129.78381275,2,0.29168618572681476,1.2593108551502077,57,3,"Secured, Moderate Risk Borrowers",0,,,
35,156178,0,48,8.74,104401.256265566,2,0.013926609381603044,0.0,80,1,"Affluent, Low Risk Borrowers",0,,,
24,216659,2,12,5.02,239745.19189996,2,0.0922129706128063,0.7455506259444912,16,3,"Secured, Moderate Risk Borrowers",0,,,
55,170683,0,24,15.16,143707.31208417,0,0.035081408224603504,1.3291506402841382,150,3,"Secured, Moderate Risk Borrowers",0,,,
23,211910,0,60,15.17,195673.264210586,2,0.015389646548062855,0.0,0,1,"Affluent, Low Risk Borrowers",0,,,
50,240160,3,48,9.13,16273.8714789878,1,0.0014117255163224518,0.0,712,2,"High Income, High Default Risk Borrowers",1,,,
26,173038,0,72,10.64,143093.055123418,0,0.011485338480564962,0.0,0,1,"Affluent, Low Risk Borrowers",0,,,
52,110673,2,60,15.95,1157027.94043291,1,0.17424123318243834,0.0,0,1,"Affluent, Low Risk Borrowers",0,,,
31,157635,0,60,8.08,1319715.73782741,1,0.13953284486313317,0.9765264708322375,363,2,"High Income, High Default Risk Borrowers",1,,,
34,65138,3,36,5.35,425034.02627279906,2,0.18125364610519204,0.0,0,1,"Affluent, Low Risk Borrowers",0,,,
60,57828,0,24,15.11,369679.09189304494,2,0.26636404509925987,1.3766138270158914,72,3,"Secured, Moderate Risk Borrowers",0,,,
24,74189,2,12,12.36,287643.017780938,1,0.32309708986507435,0.9781589235558437,0,3,"Secured, Moderate Risk Borrowers",0,,,
59,44301,3,48,9.0,838064.883081744,2,0.3941150312634026,0.9873844416720388,1344,2,"High Income, High Default Risk Borrowers",1,,,
54,69253,0,24,8.3,31208.3959461316,0,0.018776803892972146,0.5870712055773079,169,1,"Affluent, Low Risk Borrowers",0,,,
34,86031,0,12,5.8,1397196.42017471,1,1.3533847101626157,1.2679699780618312,154,0,"Low Income, High EMI Burden Borrowers",1,,,
29,80108,2,60,6.52,1116947.38898348,0,0.23238365706296502,0.9713082745741196,345,2,"High Income, High Default Risk Borrowers",1,,,
28,222738,1,48,14.77,62180.9184565466,2,0.0058159811078486836,1.1285664006472835,64,3,"Secured, Moderate Risk Borrowers",0,,,
26,25756,0,48,9.92,275806.117595435,1,0.22309209504581456,1.3123261802470605,59,3,"Secured, Moderate Risk Borrowers",0,,,
51,107578,2,48,13.43,196895.742999182,1,0.03813037981743479,0.0,154,1,"Affluent, Low Risk Borrowers",0,,,
43,139398,3,24,15.19,70542.3725462087,0,0.021085453162886125,0.7745066735070794,38,3,"Secured, Moderate Risk Borrowers",0,,,
57,18726,0,72,5.61,756550.092606408,3,0.5611257075723592,0.9281551730301204,435,2,"High Income, High Default Risk Borrowers",1,,,
47,91153,2,60,5.66,1676644.93575335,0,0.30656237315283097,1.1965614021440445,250,2,"High Income, High Default Risk Borrowers",1,,,
42,175400,2,36,12.11,498431.567695349,1,0.07893568985176738,0.0,31,1,"Affluent, Low Risk Borrowers",0,,,
51,105517,0,60,11.24,269668.129696078,2,0.042594747765762865,0.964203948952127,0,3,"Secured, Moderate Risk Borrowers",0,,,
30,33073,0,24,15.56,395327.538801572,1,0.49804916397061044,1.2448250755299122,104,3,"Secured, Moderate Risk Borrowers",0,,,
36,25526,2,24,14.42,30346.8558307825,5,0.049535767452793235,0.8014630594587981,15,3,"Secured, Moderate Risk Borrowers",0,,,
40,74182,0,60,14.06,822662.320301956,2,0.18482974306435523,0.0,169,1,"Affluent, Low Risk Borrowers",0,,,
53,134503,3,48,9.32,132957.197280475,5,0.020593890099105595,1.3203240881472027,0,3,"Secured, Moderate Risk Borrowers",0,,,
31,237821,0,36,13.5,844803.611140446,1,0.09867408681319144,0.0,0,1,"Affluent, Low Risk Borrowers",0,,,
62,94134,0,36,16.67,171413.17841171,1,0.05058193638855248,0.5376977249148533,0,1,"Affluent, Low Risk Borrowers",0,,,
48,124834,2,60,14.23,453140.481386292,1,0.06049906275533909,0.0,66,1,"Affluent, Low Risk Borrowers",0,,,
57,136999,3,36,12.35,102299.770086706,3,0.0207421951985051,0.0,78,1,"Affluent, Low Risk Borrowers",0,,,
39,216039,1,72,14.27,1559717.06307321,0,0.1002723582316156,0.0,156,1,"Affluent, Low Risk Borrowers",0,,,
55,193486,3,48,16.23,100394.593842151,3,0.010809826033924936,1.1246639742837172,480,3,"Secured, Moderate Risk Borrowers",0,,,
55,201481,2,24,12.3,1235248.91584916,7,0.25545187883721043,1.1865139430432496,356,2,"High Income, High Default Risk Borrowers",1,,,
62,22421,0,12,6.07,1372451.30899071,9,5.10106328888096,0.0,304,0,"Low Income, High EMI Burden Borrowers",1,,,
36,227781,1,60,8.24,996111.720626737,3,0.07288518357545186,0.9400710750664998,684,2,"High Income, High Default Risk Borrowers",1,,,
33,71549,1,24,13.59,32142.5811960219,1,0.018718221079260366,1.0704094914036424,54,3,"Secured, Moderate Risk Borrowers",0,,,
52,214083,0,48,6.86,29491.8334239285,9,0.0028699616503879335,0.8428389648054508,219,3,"Secured, Moderate Risk Borrowers",0,,,
25,125448,0,60,6.88,730341.395546821,2,0.0970311204642561,1.1715877429389265,30,3,"Secured, Moderate Risk Borrowers",0,,,
36,134891,2,12,9.08,420333.374675138,0,0.2596747003135865,1.0081417186651944,0,3,"Secured, Moderate Risk Borrowers",0,,,
46,140541,2,48,7.38,86650.5985428886,3,0.012844792622793349,0.943771339092245,324,3,"Secured, Moderate Risk Borrowers",0,,,
29,138008,3,12,9.7,589292.152087496,2,0.35583212567387396,0.0,0,0,"Low Income, High EMI Burden Borrowers",1,,,
36,163697,2,24,10.59,140271.902933321,5,0.035704136300604164,0.0,75,1,"Affluent, Low Risk Borrowers",0,,,
61,96571,1,48,9.51,802661.76264118,3,0.1731588157935612,0.0,366,1,"Affluent, Low Risk Borrowers",0,,,
35,176731,3,36,12.47,787026.485706323,8,0.1237012748187924,1.03496667340944,507,2,"High Income, High Default Risk Borrowers",1,,,
56,159467,1,48,9.24,470241.144004382,3,0.06143396439388714,0.0,1078,2,"High Income, High Default Risk Borrowers",1,,,
34,247944,2,60,10.89,279074.255636299,1,0.018759235956506307,0.0,726,2,"High Income, High Default Risk Borrowers",1,,,
24,91559,2,60,6.64,201172.056335953,1,0.03661977522690287,0.0,10,1,"Affluent, Low Risk Borrowers",0,,,
46,185102,1,24,16.24,153026.958113497,2,0.03444652137740273,1.3620761425766013,267,3,"Secured, Moderate Risk Borrowers",0,,,
22,134735,2,36,17.31,692636.491225908,1,0.14279808513007014,1.0036886093282418,0,3,"Secured, Moderate Risk Borrowers",0,,,
35,76212,1,60,6.78,525143.542471291,8,0.11484267569411641,0.8077028133898434,288,3,"Secured, Moderate Risk Borrowers",0,,,
21,60379,0,36,13.05,264662.173934448,3,0.12175971778267278,1.0037083870840715,135,3,"Secured, Moderate Risk Borrowers",0,,,
52,223786,2,48,11.91,80545.997021894,2,0.007498413663053095,1.4774962582088926,14,3,"Secured, Moderate Risk Borrowers",0,,,
42,31456,3,36,12.83,950860.370100742,9,0.8396741480162767,0.0,282,0,"Low Income, High EMI Burden Borrowers",1,,,
48,171995,2,60,10.47,441059.808097121,3,0.04273961452367801,1.4540422650780886,274,3,"Secured, Moderate Risk Borrowers",0,,,
56,244027,0,60,8.68,1152937.23333495,8,0.07874382752728182,0.5561620099033144,7,1,"Affluent, Low Risk Borrowers",0,,,
23,122803,2,36,8.62,395791.539078516,3,0.08952721024730666,1.3691748574030873,328,3,"Secured, Moderate Risk Borrowers",0,,,
45,152348,1,12,9.42,1155408.57314984,2,0.6320007482868171,0.5631299092079662,288,0,"Low Income, High EMI Burden Borrowers",1,,,
47,114304,0,72,8.11,309283.217879672,0,0.037580487122060476,1.451396861979106,0,3,"Secured, Moderate Risk Borrowers",0,,,
50,125169,0,36,5.67,746005.802915789,3,0.16555520935694942,1.28250014438029,261,3,"Secured, Moderate Risk Borrowers",0,,,
50,51378,0,60,5.24,57630.5865766272,1,0.018694966717271985,0.6114876878387816,540,2,"High Income, High Default Risk Borrowers",1,,,
60,55390,0,72,15.28,303243.056845574,5,0.07603737136667268,0.0,0,1,"Affluent, Low Risk Borrowers",0,,,
53,88770,0,60,14.99,220312.112266242,0,0.04136386166497691,0.6390022051990781,165,1,"Affluent, Low Risk Borrowers",0,,,
31,54062,1,72,6.38,444004.589487209,1,0.11406773704265472,0.0,0,1,"Affluent, Low Risk Borrowers",0,,,
64,164381,3,36,10.83,1003220.89679716,1,0.16952841265109714,0.0,0,1,"Affluent, Low Risk Borrowers",0,,,
38,51914,3,72,6.72,729559.342377464,2,0.19518376545825789,0.0,0,1,"Affluent, Low Risk Borrowers",0,,,
49,248782,0,72,17.85,52790.3842862804,1,0.0029471585564872058,0.5625069415104114,342,1,"Affluent, Low Risk Borrowers",0,,,
52,126335,0,36,11.4,789211.478743011,1,0.17352705109431274,0.0,0,1,"Affluent, Low Risk Borrowers",0,,,
29,66924,0,48,17.22,881515.328728099,9,0.27441426095272253,0.0,118,1,"Affluent, Low Risk Borrowers",0,,,
38,30563,1,48,12.03,850926.611382455,6,0.5800359912312273,0.0,236,0,"Low Income, High EMI Burden Borrowers",1,,,
54,158401,2,24,11.19,1565339.02439741,9,0.411755355079829,0.7191260646707988,27,0,"Low Income, High EMI Burden Borrowers",1,,,
21,63604,3,72,13.75,330550.019413816,5,0.07218052323753224,1.2288698044883373,54,3,"Secured, Moderate Risk Borrowers",0,,,
46,21471,3,60,9.94,375704.148265097,1,0.29163709189138837,0.0,0,1,"Affluent, Low Risk Borrowers",0,,,
38,152513,3,60,14.51,468696.228220442,1,0.05121924032705409,0.0,98,1,"Affluent, Low Risk Borrowers",0,,,
22,188724,3,24,11.46,428509.038513594,3,0.0946066213094254,1.2009353650179992,0,3,"Secured, Moderate Risk Borrowers",0,,,
43,204648,3,60,12.72,133342.794565845,8,0.010859524647199094,0.0,29,1,"Affluent, Low Risk Borrowers",0,,,
28,76272,1,48,16.13,39189.89200788191,0,0.010704583595552758,0.0,69,1,"Affluent, Low Risk Borrowers",0,,,
32,159539,0,48,15.09,442088.685663926,3,0.05772995944565279,0.9472010322164369,232,3,"Secured, Moderate Risk Borrowers",0,,,
57,33752,1,12,8.3,441147.748578913,2,1.0891890850912538,0.0,0,0,"Low Income, High EMI Burden Borrowers",1,,,
53,143335,3,48,12.29,319734.981097357,3,0.04647259915582377,0.0,444,1,"Affluent, Low Risk Borrowers",0,,,
23,173059,1,12,8.57,1108570.9088099,2,0.5338116480506648,0.0,69,0,"Low Income, High EMI Burden Borrowers",1,,,
46,245008,0,48,7.16,918622.568843556,1,0.07811161268203488,0.0,0,1,"Affluent, Low Risk Borrowers",0,,,
58,47779,1,60,10.18,57594.4822747185,0,0.020090625588647732,0.0,61,1,"Affluent, Low Risk Borrowers",0,,,
33,171498,1,72,11.66,1247525.5701565,10,0.10103173214847988,0.0,68,1,"Affluent, Low Risk Borrowers",0,,,
55,47556,2,36,14.1,99251.5916979537,2,0.05797354697619648,0.0,79,1,"Affluent, Low Risk Borrowers",0,,,
41,57668,3,24,11.96,603346.431698762,1,0.435933793438302,0.0,6,0,"Low Income, High EMI Burden Borrowers",1,,,
25,96889,2,60,16.62,230598.415515593,1,0.039667144877127435,0.5427396060619509,750,2,"High Income, High Default Risk Borrowers",1,,,
62,106155,2,72,6.49,129620.219945224,1,0.016958975083604163,1.0707614809590742,0,3,"Secured, Moderate Risk Borrowers",0,,,
22,94671,1,48,8.12,536036.782490806,1,0.1179604102629105,1.173546578131391,97,3,"Secured, Moderate Risk Borrowers",0,,,
36,123856,0,60,9.51,177563.507751087,1,0.02389379602118589,0.0,0,1,"Affluent, Low Risk Borrowers",0,,,
44,246513,0,72,9.36,1023876.74457077,1,0.05768665344221197,0.0,0,1,"Affluent, Low Risk Borrowers",0,,,
44,214648,2,72,6.63,659843.283142931,0,0.04269543624911483,0.0,0,1,"Affluent, Low Risk Borrowers",0,,,
52,40537,1,24,17.59,326675.767802411,6,0.3357794114019291,0.0,152,1,"Affluent, Low Risk Borrowers",0,,,
53,208783,1,48,12.99,266265.489444404,0,0.02656921301063784,0.0,0,1,"Affluent, Low Risk Borrowers",0,,,
64,188312,3,36,16.87,1059348.93942704,1,0.15626385997705936,0.9158613394079466,151,3,"Secured, Moderate Risk Borrowers",0,,,
25,40592,2,48,13.23,417144.960958824,2,0.21409440283799763,0.0,0,1,"Affluent, Low Risk Borrowers",0,,,
46,179246,1,36,12.27,569849.938633716,1,0.08830969728752663,0.6155583766806328,177,3,"Secured, Moderate Risk Borrowers",0,,,
29,200763,3,48,15.36,309534.9994821,0,0.03212070949328312,0.9112040672118544,59,3,"Secured, Moderate Risk Borrowers",0,,,
53,115102,0,72,9.73,773867.784267326,1,0.09337943736859482,0.9777421263995362,0,1,"Affluent, Low Risk Borrowers",0,,,
40,44165,1,60,9.05,15712.8343606788,3,0.005929582248386731,0.5182750697235058,119,1,"Affluent, Low Risk Borrowers",0,,,
42,43982,2,36,15.47,420551.231490691,1,0.26560820335591834,0.7012637881344721,0,3,"Secured, Moderate Risk Borrowers",0,,,
52,34508,0,12,5.99,426709.656906678,1,1.0304607627216877,0.8207245244599579,51,0,"Low Income, High EMI Burden Borrowers",1,,,
24,15281,1,60,17.24,102084.546529454,7,0.11134153523984033,0.9787048579655241,4,3,"Secured, Moderate Risk Borrowers",0,,,
46,177962,2,60,13.95,225250.917631732,1,0.021095402389274112,0.0,94,1,"Affluent, Low Risk Borrowers",0,,,
46,240867,3,36,6.5,798983.0588772,5,0.09214201198171605,0.0,0,1,"Affluent, Low Risk Borrowers",0,,,
32,99416,0,48,15.6,572145.906555154,2,0.11989730023336283,1.1013840706885643,162,3,"Secured, Moderate Risk Borrowers",0,,,
43,159832,3,72,9.13,168733.801500595,3,0.014662458080985036,1.4954741523468145,372,3,"Secured, Moderate Risk Borrowers",0,,,
57,211553,2,48,10.3,179341.360070242,1,0.017661200739294645,0.0,29,1,"Affluent, Low Risk Borrowers",0,,,
36,24715,0,60,10.99,1516591.52636183,2,1.0227202103985433,0.7992320043010631,588,2,"High Income, High Default Risk Borrowers",1,,,
38,226968,3,60,11.01,52577.2793016931,7,0.0038608526312079233,0.0,13,1,"Affluent, Low Risk Borrowers",0,,,
42,234861,1,48,7.12,483868.832377562,1,0.04292155785762643,1.2457176662047889,0,3,"Secured, Moderate Risk Borrowers",0,,,
44,136750,0,36,8.8,638903.237117243,9,0.12977923217550275,0.755639093795361,0,3,"Secured, Moderate Risk Borrowers",0,,,
62,231222,3,36,5.22,113231.052503589,2,0.013602987604985685,0.0,69,1,"Affluent, Low Risk Borrowers",0,,,
59,217724,1,36,17.89,446444.44867214,2,0.056958488728849364,0.910709245391666,0,3,"Secured, Moderate Risk Borrowers",0,,,
43,127356,3,72,7.54,1290896.438374,5,0.1407795470963284,1.045490340494838,440,2,"High Income, High Default Risk Borrowers",1,,,
40,20782,3,60,8.75,183878.089154986,0,0.14746559522663844,1.2963006634151295,0,3,"Secured, Moderate Risk Borrowers",0,,,
62,180575,1,60,13.48,195746.076364911,1,0.01806689741104804,0.0,0,1,"Affluent, Low Risk Borrowers",0,,,
54,68551,1,12,13.55,117965.257074867,10,0.14340330556811717,1.3646523546027454,426,3,"Secured, Moderate Risk Borrowers",0,,,
45,63368,1,12,10.46,938200.924698626,3,1.2337995518242646,1.3529263838545775,304,0,"Low Income, High EMI Burden Borrowers",1,,,
34,166175,3,72,6.66,1372523.24560504,3,0.11471533022416128,0.0,528,2,"High Income, High Default Risk Borrowers",1,,,
36,139982,1,36,5.32,1744823.30549206,10,0.34623958794702175,0.503837145507801,219,0,"Low Income, High EMI Burden Borrowers",1,,,
38,92231,2,60,9.05,613551.290523924,1,0.11087215795123115,1.4677428248337152,76,3,"Secured, Moderate Risk Borrowers",0,,,
61,54310,2,12,7.74,214012.400222982,10,0.32838096114895965,0.5143812359841529,1034,2,"High Income, High Default Risk Borrowers",1,,,
52,181703,3,48,9.12,1794126.9642652,2,0.20570739063196536,1.3443148641523839,144,2,"High Income, High Default Risk Borrowers",1,,,
37,150832,0,48,15.15,174161.446165372,3,0.024055638060888937,0.5207580321239652,0,3,"Secured, Moderate Risk Borrowers",0,,,
27,103204,2,60,6.72,204909.547031408,1,0.03309135304833146,1.13326320160941,70,3,"Secured, Moderate Risk Borrowers",0,,,
52,19895,2,72,16.74,29410.0955232787,1,0.02053128926866047,0.0,172,1,"Affluent, Low Risk Borrowers",0,,,
27,108747,2,48,5.85,1114373.42242559,3,0.21348736057086634,0.0,0,1,"Affluent, Low Risk Borrowers",0,,,
22,80450,0,60,6.79,1533515.24630053,0,0.3176953387197017,1.1192043172921542,84,3,"Secured, Moderate Risk Borrowers",0,,,
32,98362,0,72,10.07,413205.926220445,8,0.058345397612899294,1.0834215190184386,123,3,"Secured, Moderate Risk Borrowers",0,,,
58,198321,2,12,8.37,85477.8814531827,0,0.035917325951361684,0.0,0,1,"Affluent, Low Risk Borrowers",0,,,
22,233008,1,24,5.45,814282.582924867,8,0.14561062281123396,0.0,632,2,"High Income, High Default Risk Borrowers",1,,,
44,245662,2,72,8.05,693903.411643121,3,0.039230935187371266,0.0,141,1,"Affluent, Low Risk Borrowers",0,,,
53,247365,1,24,8.41,1700987.91252841,1,0.2865178986517899,1.4937839753781745,537,2,"High Income, High Default Risk Borrowers",1,,,
64,247549,3,48,17.18,83683.3614823579,1,0.0070426461023878105,0.0,123,1,"Affluent, Low Risk Borrowers",0,,,
45,238536,3,36,17.21,515038.186479534,7,0.05997677499413087,1.3950566039998344,12,3,"Secured, Moderate Risk Borrowers",0,,,
26,157628,2,60,5.1,247997.900946449,3,0.026221864135813434,0.6186606144745392,183,3,"Secured, Moderate Risk Borrowers",0,,,
36,140703,0,60,9.21,488977.037419465,7,0.0579207266369587,0.0,232,1,"Affluent, Low Risk Borrowers",0,,,
59,229432,2,60,8.74,170025.314242514,10,0.012351197740506992,0.0,0,1,"Affluent, Low Risk Borrowers",0,,,
41,46401,2,24,8.74,1259501.3534966,3,1.1309932975582424,1.424072988845681,9,0,"Low Income, High EMI Burden Borrowers",1,,,
52,129793,2,36,10.75,351731.78923367,10,0.07527624756342792,1.154725348498439,128,3,"Secured, Moderate Risk Borrowers",0,,,
48,136863,1,36,6.28,1222984.86108699,8,0.24821756062631978,0.0,1384,2,"High Income, High Default Risk Borrowers",1,,,
55,229266,1,24,7.46,82673.8084100094,3,0.015025080038034423,1.1607985296909111,166,3,"Secured, Moderate Risk Borrowers",0,,,
53,140926,0,24,6.76,156586.544886839,6,0.04629692178874019,0.0,208,1,"Affluent, Low Risk Borrowers",0,,,
49,60893,0,12,13.47,665204.153912951,2,0.9103456883385611,1.1296283449385902,0,0,"Low Income, High EMI Burden Borrowers",1,,,
46,117747,0,36,15.2,1033088.81542798,5,0.2437166976653333,0.0,384,1,"Affluent, Low Risk Borrowers",0,,,
63,51035,2,48,9.99,641044.919848418,2,0.2616851180562359,0.9459555450921022,255,3,"Secured, Moderate Risk Borrowers",0,,,
48,98310,0,24,8.55,1342401.14322909,1,0.5689490387549587,0.776869969492011,0,0,"Low Income, High EMI Burden Borrowers",1,,,
45,207035,2,36,11.28,536251.597810837,2,0.0719486077233318,0.5809537361156905,68,3,"Secured, Moderate Risk Borrowers",0,,,
44,249746,3,60,7.25,1480156.1607327,3,0.09877743787688291,1.3761924782695536,610,2,"High Income, High Default Risk Borrowers",1,,,
64,240049,0,72,11.04,1470464.12617894,2,0.08507892138688351,0.0,132,1,"Affluent, Low Risk Borrowers",0,,,
64,86635,2,48,15.33,670752.524033829,1,0.16129751255266347,0.0,42,1,"Affluent, Low Risk Borrowers",0,,,
39,27289,3,36,9.43,302326.520282761,3,0.30774158085675546,0.9014976105648763,80,3,"Secured, Moderate Risk Borrowers",0,,,
23,247041,3,48,15.48,189941.880379916,3,0.016018069875040983,1.390236621795771,456,3,"Secured, Moderate Risk Borrowers",0,,,
56,175443,1,12,13.65,47673.1690243627,2,0.02264416363149285,0.0,15,1,"Affluent, Low Risk Borrowers",0,,,
21,83785,2,60,5.59,131426.545616073,0,0.026143581786716,0.0,84,1,"Affluent, Low Risk Borrowers",0,,,
62,31014,0,24,6.44,113511.704192253,3,0.152500483652544,1.1577653832726,144,0,"Low Income, High EMI Burden Borrowers",1,,,
53,45682,0,60,12.21,186670.796865802,1,0.06810516177050041,0.0,298,1,"Affluent, Low Risk Borrowers",0,,,
28,146691,1,24,16.87,270256.36345548,4,0.07676462768677016,1.4308240749901178,348,3,"Secured, Moderate Risk Borrowers",0,,,
42,72993,0,48,6.37,1932395.92026718,1,0.5515357637033688,1.0260825184174025,90,0,"Low Income, High EMI Burden Borrowers",1,,,
36,191048,2,48,15.46,1498294.29012237,2,0.16338543193333613,1.2931285379630575,60,3,"Secured, Moderate Risk Borrowers",0,,,
60,125350,3,60,9.97,420501.279606358,10,0.055910251296370166,1.1059261954142476,423,2,"High Income, High Default Risk Borrowers",1,,,
60,158660,1,48,10.44,62675.682610002,2,0.008229799571410564,0.0,297,1,"Affluent, Low Risk Borrowers",0,,,
39,125641,1,48,14.46,102018.622062869,0,0.016916372840076088,0.0,0,1,"Affluent, Low Risk Borrowers",0,,,
27,71503,1,24,12.59,422760.71191119,3,0.2463537194243598,0.5730035928996269,358,3,"Secured, Moderate Risk Borrowers",0,,,
63,249565,1,72,6.21,773594.03191175,10,0.04305235109089817,1.0439731112849706,0,1,"Affluent, Low Risk Borrowers",0,,,
58,175806,2,24,8.44,665582.83482175,2,0.15774558319966325,0.0,110,1,"Affluent, Low Risk Borrowers",0,,,
45,211037,1,36,9.32,237664.246671769,6,0.031282571302662564,0.0,111,1,"Affluent, Low Risk Borrowers",0,,,
49,142556,0,60,7.23,338323.595514648,2,0.0395544908667471,0.0,32,1,"Affluent, Low Risk Borrowers",0,,,
46,210684,1,60,10.26,694748.472052788,0,0.05495975014713979,0.0,378,1,"Affluent, Low Risk Borrowers",0,,,
35,116376,3,60,6.79,382228.026565705,6,0.05474041039389565,0.0,0,1,"Affluent, Low Risk Borrowers",0,,,
47,142959,2,48,7.51,629248.779837633,2,0.0917000678516218,0.0,163,1,"Affluent, Low Risk Borrowers",0,,,
60,188757,0,60,12.19,650931.525398352,6,0.05747527244022738,0.0,89,1,"Affluent, Low Risk Borrowers",0,,,
64,153299,1,60,7.81,155416.091666183,0,0.01689684864219597,0.0,174,1,"Affluent, Low Risk Borrowers",0,,,
31,224684,2,24,10.91,58940.2413554438,0,0.010930195296505315,1.3784158630449588,0,3,"Secured, Moderate Risk Borrowers",0,,,
34,196180,0,36,5.07,42612.4682061103,5,0.00603364257314711,1.2463628843132415,258,3,"Secured, Moderate Risk Borrowers",0,,,
44,70754,3,12,10.65,486651.66014719504,3,0.5731733894903468,0.0,0,0,"Low Income, High EMI Burden Borrowers",1,,,
27,213350,1,24,9.44,98091.7464647499,1,0.01915706585423014,0.5460630636819772,54,3,"Secured, Moderate Risk Borrowers",0,,,
39,106878,0,72,13.9,1512873.94477221,8,0.19659930013660434,1.1242407369975198,174,3,"Secured, Moderate Risk Borrowers",0,,,
59,18712,2,48,14.01,802700.777059189,0,0.893700833689611,0.0,22,0,"Low Income, High EMI Burden Borrowers",1,,,
56,237724,2,60,15.89,1445925.51720602,1,0.1013728525516986,0.0,60,1,"Affluent, Low Risk Borrowers",0,,,
32,118896,0,36,7.82,712074.300296185,0,0.1663625353249899,1.3078656456839814,138,3,"Secured, Moderate Risk Borrowers",0,,,
30,243590,3,60,11.03,317374.046898762,9,0.0217150539841537,0.0,204,1,"Affluent, Low Risk Borrowers",0,,,
44,50643,2,60,11.99,473802.632616362,1,0.15592895365598405,0.0,378,1,"Affluent, Low Risk Borrowers",0,,,
21,111652,1,48,7.91,248037.739684336,4,0.04628175043886361,1.491889195947493,302,3,"Secured, Moderate Risk Borrowers",0,,,
24,212576,2,72,8.55,1241198.1825692,4,0.08109504365497516,0.0,128,1,"Affluent, Low Risk Borrowers",0,,,
40,131891,0,48,14.23,507429.133120761,3,0.08015285349265681,0.6373617459686743,166,3,"Secured, Moderate Risk Borrowers",0,,,
52,106658,3,36,12.09,1592190.57855563,0,0.4146666916686981,1.0865117810374487,0,0,"Low Income, High EMI Burden Borrowers",1,,,
27,102163,1,12,8.04,350897.972365189,1,0.28622397541184186,1.002465649762762,1332,2,"High Income, High Default Risk Borrowers",1,,,
36,238725,2,60,16.53,521981.030818769,1,0.036442266205885435,0.0,90,1,"Affluent, Low Risk Borrowers",0,,,
58,91367,3,36,7.5,96882.9505292638,4,0.029454726542405902,0.0,119,1,"Affluent, Low Risk Borrowers",0,,,
53,142834,1,60,16.32,1726793.65148607,2,0.20149187168321267,0.0,0,1,"Affluent, Low Risk Borrowers",0,,,
25,130700,3,72,6.66,1279533.99206972,3,0.13597023718439175,0.6903369750950464,450,2,"High Income, High Default Risk Borrowers",1,,,
64,129044,3,72,12.82,183162.48037496,2,0.019713586063668208,0.6218795017813833,0,1,"Affluent, Low Risk Borrowers",0,,,
55,18654,1,12,5.47,246183.099963295,0,1.0997780636860726,1.469615938904336,0,0,"Low Income, High EMI Burden Borrowers",1,,,
41,63231,2,48,12.87,841730.253399875,0,0.2773331119229492,0.0,126,1,"Affluent, Low Risk Borrowers",0,,,
22,154999,3,60,12.23,477614.42216441,0,0.051356718430441484,1.2374099443119486,0,3,"Secured, Moderate Risk Borrowers",0,,,
26,69624,1,36,5.79,217827.04586785,8,0.08690609559921866,0.0,0,1,"Affluent, Low Risk Borrowers",0,,,
40,159745,1,48,12.36,967132.038489885,1,0.12612964412031677,0.0,136,1,"Affluent, Low Risk Borrowers",0,,,
29,24686,2,48,10.35,53266.8475361223,9,0.04495381997893543,0.0,417,1,"Affluent, Low Risk Borrowers",0,,,
44,38711,2,12,6.83,851148.687346344,1,1.8322714473922141,1.4329566255282276,189,0,"Low Income, High EMI Burden Borrowers",1,,,
25,177082,3,72,6.7,198910.451335939,1,0.015600964524909364,1.3298212647172842,138,3,"Secured, Moderate Risk Borrowers",0,,,
54,90388,0,12,13.14,1114690.57598277,5,1.0276904013807142,0.0,26,0,"Low Income, High EMI Burden Borrowers",1,,,
56,206648,1,24,7.37,796901.937049161,0,0.16068023886028415,0.0,162,1,"Affluent, Low Risk Borrowers",0,,,
59,188895,0,12,11.81,790915.27302561,3,0.3489219407607401,0.0,176,0,"Low Income, High EMI Burden Borrowers",1,,,
52,233200,0,36,12.49,801528.037333613,2,0.09547457118353345,0.0,117,1,"Affluent, Low Risk Borrowers",0,,,
62,234772,0,72,11.59,71912.1305974876,3,0.004254255192271651,0.8782245152433432,300,1,"Affluent, Low Risk Borrowers",0,,,
55,224203,3,48,10.34,163346.393988718,2,0.01517843204595835,1.249379016724155,27,3,"Secured, Moderate Risk Borrowers",0,,,
32,91329,1,60,6.68,1603794.53503926,3,0.29267713431659165,1.0757858627744137,320,2,"High Income, High Default Risk Borrowers",1,,,
45,135030,2,72,13.22,162855.75278523,0,0.016751018292231357,0.7421746503474711,119,3,"Secured, Moderate Risk Borrowers",0,,,
21,134968,2,48,15.88,375865.470341574,5,0.058017678264477505,1.3293851501423757,441,3,"Secured, Moderate Risk Borrowers",0,,,
55,41160,1,36,12.6,703487.085287859,10,0.47476457725947524,0.7418381954153531,125,0,"Low Income, High EMI Burden Borrowers",1,,,
44,36636,1,36,10.77,243246.642491316,2,0.18443197947374168,1.2608859776715096,104,3,"Secured, Moderate Risk Borrowers",0,,,
52,162235,0,60,16.63,1389529.7509124,3,0.1427486670570469,0.8121918837863885,480,2,"High Income, High Default Risk Borrowers",1,,,
21,43625,0,72,8.2,437200.709350405,1,0.13919151862464182,0.0,77,1,"Affluent, Low Risk Borrowers",0,,,
61,40169,1,12,9.14,188158.082059647,6,0.39034678483407603,0.0,116,0,"Low Income, High EMI Burden Borrowers",1,,,
50,97189,2,60,13.49,377449.772492144,1,0.06472779841340069,0.0,0,1,"Affluent, Low Risk Borrowers",0,,,
61,177396,0,48,8.62,48916.5464064304,10,0.0057447180319736635,0.0,249,1,"Affluent, Low Risk Borrowers",0,,,
51,175928,3,60,8.84,217488.341693487,3,0.020603940248283388,0.7813929821721637,10,3,"Secured, Moderate Risk Borrowers",0,,,
27,25225,2,48,5.98,291631.564746583,3,0.24085867195242813,0.0,192,1,"Affluent, Low Risk Borrowers",0,,,
31,129014,0,60,15.79,466931.56525248,1,0.060320507851861035,1.4508186599164314,0,3,"Secured, Moderate Risk Borrowers",0,,,
47,203856,3,24,11.96,634134.292543457,6,0.12961237344007534,0.0,465,2,"High Income, High Default Risk Borrowers",1,,,
48,185963,2,36,15.4,887038.614711286,3,0.13249926060560432,1.078965320295805,231,3,"Secured, Moderate Risk Borrowers",0,,,
62,58753,0,36,6.08,259855.638856481,1,0.12285687539359692,0.6080289574915795,18,1,"Affluent, Low Risk Borrowers",0,,,
55,141888,0,72,17.81,1475467.28322537,2,0.14442799954894,0.9131073977271452,234,1,"Affluent, Low Risk Borrowers",0,0.0,0.29505952380952377,"[LOW RISK] Send automated payment reminders, schedule regular financial health reviews, and maintain active borrower engagement for early warnings."
28,79178,3,72,6.39,381265.677229545,3,0.06687918361160929,0.0,14,1,"Affluent, Low Risk Borrowers",0,0.0,0.0005330188679245284,"[LOW RISK] Send automated payment reminders, schedule regular financial health reviews, and maintain active borrower engagement for early warnings."
35,237374,0,36,12.84,627915.167853094,0,0.07347936168240835,1.2252870843545605,0,3,"Secured, Moderate Risk Borrowers",0,0.0,0.000625,"[LOW RISK] Send automated payment reminders, schedule regular financial health reviews, and maintain active borrower engagement for early warnings."
22,133516,3,24,7.66,1374050.88481911,2,0.4288034392881752,0.0,166,0,"Low Income, High EMI Burden Borrowers",1,1.0,0.8489199134199132,"[HIGH RISK] Initiate legal proceedings with asset seizure notices, escalate to external recovery agencies, and enforce loan recovery under default clauses."
61,150542,2,12,15.14,1015520.84522419,10,0.5621470420214957,0.0,441,0,"Low Income, High EMI Burden Borrowers",1,1.0,0.7950595238095236,"[HIGH RISK] Initiate legal proceedings with asset seizure notices, escalate to external recovery agencies, and enforce loan recovery under default clauses."
59,215321,2,72,5.07,92165.8536691723,2,0.0059449844650545,0.8972714728404597,222,1,"Affluent, Low Risk Borrowers",0,0.0,0.05094174902665469,"[LOW RISK] Send automated payment reminders, schedule regular financial health reviews, and maintain active borrower engagement for early warnings."
22,27323,3,72,11.12,71370.1946779606,6,0.03627895911869121,0.7021493992252731,40,3,"Secured, Moderate Risk Borrowers",0,0.0,0.043199685534591185,"[LOW RISK] Send automated payment reminders, schedule regular financial health reviews, and maintain active borrower engagement for early warnings."
34,51487,3,12,5.41,284577.537696233,0,0.46059762658535164,0.0,30,0,"Low Income, High EMI Burden Borrowers",1,1.0,0.8171785714285714,"[HIGH RISK] Initiate legal proceedings with asset seizure notices, escalate to external recovery agencies, and enforce loan recovery under default clauses."
30,91260,0,48,16.13,124668.84619877,3,0.02846011396011396,1.0538234406337257,17,3,"Secured, Moderate Risk Borrowers",0,0.0,0.00025,"[LOW RISK] Send automated payment reminders, schedule regular financial health reviews, and maintain active borrower engagement for early warnings."
30,228277,2,24,6.06,539254.745768742,3,0.09842844438992979,0.0,110,1,"Affluent, Low Risk Borrowers",0,0.0,0.04853301886792453,"[LOW RISK] Send automated payment reminders, schedule regular financial health reviews, and maintain active borrower engagement for early warnings."
31,167999,0,60,14.74,133190.654768456,6,0.013213411984595148,0.0,0,1,"Affluent, Low Risk Borrowers",0,0.0,0.0,"[LOW RISK] Send automated payment reminders, schedule regular financial health reviews, and maintain active borrower engagement for early warnings."
37,168515,1,60,7.03,594722.189691361,0,0.05881992700946504,1.3399977606043445,108,3,"Secured, Moderate Risk Borrowers",0,0.0,0.03261635220125786,"[LOW RISK] Send automated payment reminders, schedule regular financial health reviews, and maintain active borrower engagement for early warnings."
37,60113,0,36,7.76,228224.115287756,5,0.10546071565218838,0.0,67,1,"Affluent, Low Risk Borrowers",0,0.0,0.01803301886792453,"[LOW RISK] Send automated payment reminders, schedule regular financial health reviews, and maintain active borrower engagement for early warnings."
49,104393,3,72,17.35,196656.97349117,1,0.0261641106204439,1.2055627116496936,29,3,"Secured, Moderate Risk Borrowers",0,0.0,0.017777777777777778,"[LOW RISK] Send automated payment reminders, schedule regular financial health reviews, and maintain active borrower engagement for early warnings."
34,48893,2,48,8.63,172617.215732361,1,0.07355224674288753,0.0,106,1,"Affluent, Low Risk Borrowers",0,0.0,0.010283018867924529,"[LOW RISK] Send automated payment reminders, schedule regular financial health reviews, and maintain active borrower engagement for early warnings."
57,83008,1,60,17.53,39600.8120498002,0,0.00795116133384734,0.0,0,1,"Affluent, Low Risk Borrowers",0,0.0,0.0382063492063492,"[LOW RISK] Send automated payment reminders, schedule regular financial health reviews, and maintain active borrower engagement for early warnings."
46,248483,1,72,16.59,413528.529615602,2,0.023114056092368492,0.0,338,1,"Affluent, Low Risk Borrowers",0,0.0,0.0515,"[LOW RISK] Send automated payment reminders, schedule regular financial health reviews, and maintain active borrower engagement for early warnings."
62,169571,0,48,13.82,127493.131341755,8,0.01566370428905886,0.9740062659484459,0,3,"Secured, Moderate Risk Borrowers",0,0.0,0.033857142857142856,"[LOW RISK] Send automated payment reminders, schedule regular financial health reviews, and maintain active borrower engagement for early warnings."
24,120111,3,72,11.3,74861.2274173759,2,0.008656492744211604,1.4263082769211963,240,3,"Secured, Moderate Risk Borrowers",0,0.0,0.0036163522012578613,"[LOW RISK] Send automated payment reminders, schedule regular financial health reviews, and maintain active borrower engagement for early warnings."
48,244189,3,72,14.12,376652.4753714,2,0.02142307802562769,1.0815642044379894,300,3,"Secured, Moderate Risk Borrowers",0,0.0,0.0,"[LOW RISK] Send automated payment reminders, schedule regular financial health reviews, and maintain active borrower engagement for early warnings."
43,150509,3,36,15.79,511595.024848839,0,0.09441940349082115,0.0,1062,2,"High Income, High Default Risk Borrowers",1,1.0,0.8566666666666666,"[HIGH RISK] Initiate legal proceedings with asset seizure notices, escalate to external recovery agencies, and enforce loan recovery under default clauses."
37,217043,1,48,17.7,249011.615033519,3,0.023901899623576892,0.0,0,1,"Affluent, Low Risk Borrowers",0,0.0,0.0025,"[LOW RISK] Send automated payment reminders, schedule regular financial health reviews, and maintain active borrower engagement for early warnings."
49,236097,1,48,5.13,690403.122489682,0,0.060921570371499846,0.6158230822367924,72,1,"Affluent, Low Risk Borrowers",0,0.0,0.018497304582210244,"[LOW RISK] Send automated payment reminders, schedule regular financial health reviews, and maintain active borrower engagement for early warnings."
63,109018,0,36,7.2,1635694.56054926,1,0.41677484452108826,0.0,226,0,"Low Income, High EMI Burden Borrowers",1,1.0,0.9207380952380952,"[HIGH RISK] Initiate legal proceedings with asset seizure notices, escalate to external recovery agencies, and enforce loan recovery under default clauses."
60,134273,0,48,17.22,398402.262700377,0,0.06181473565050307,0.0,0,1,"Affluent, Low Risk Borrowers",0,0.0,0.010277777777777776,"[LOW RISK] Send automated payment reminders, schedule regular financial health reviews, and maintain active borrower engagement for early warnings."
36,25699,3,48,15.57,282199.628812274,2,0.2287699910502354,1.4172205918248642,172,3,"Secured, Moderate Risk Borrowers",0,0.0,0.04376190476190476,"[LOW RISK] Send automated payment reminders, schedule regular financial health reviews, and maintain active borrower engagement for early warnings."
46,113864,2,48,9.16,330030.18249879,3,0.06038458160612661,0.0,420,1,"Affluent, Low Risk Borrowers",0,0.0,0.2738663522012579,"[LOW RISK] Send automated payment reminders, schedule regular financial health reviews, and maintain active borrower engagement for early warnings."
31,16177,1,24,5.56,1413229.71986812,0,3.6400179266860357,0.8262821515689444,0,0,"Low Income, High EMI Burden Borrowers",1,1.0,0.8334199134199133,"[HIGH RISK] Initiate legal proceedings with asset seizure notices, escalate to external recovery agencies, and enforce loan recovery under default clauses."
25,16969,0,60,17.25,33981.9225148133,10,0.03337674583063233,1.417840883093558,0,3,"Secured, Moderate Risk Borrowers",0,0.0,0.1291031746031746,"[LOW RISK] Send automated payment reminders, schedule regular financial health reviews, and maintain active borrower engagement for early warnings."
43,95532,2,72,17.69,36903.53924172089,6,0.005365217937445044,0.0,525,1,"Affluent, Low Risk Borrowers",0,1.0,0.7698611111111111,"[HIGH RISK] Initiate legal proceedings with asset seizure notices, escalate to external recovery agencies, and enforce loan recovery under default clauses."
57,144992,2,12,6.2,433475.762099431,4,0.24913774553078794,1.2912842924966854,222,3,"Secured, Moderate Risk Borrowers",0,0.0,0.3407380952380953,"[LOW RISK] Send automated payment reminders, schedule regular financial health reviews, and maintain active borrower engagement for early warnings."
23,187693,3,48,9.39,246148.871019963,10,0.02732174348537239,0.0,26,1,"Affluent, Low Risk Borrowers",0,0.0,0.05448809523809524,"[LOW RISK] Send automated payment reminders, schedule regular financial health reviews, and maintain active borrower engagement for early warnings."
36,87982,3,12,14.45,198742.201955288,2,0.18824134482053145,1.3726258854858977,0,3,"Secured, Moderate Risk Borrowers",0,0.0,0.2933809523809524,"[LOW RISK] Send automated payment reminders, schedule regular financial health reviews, and maintain active borrower engagement for early warnings."
23,118754,1,60,5.57,350017.458359001,2,0.049123566364080364,0.6370209100363213,186,3,"Secured, Moderate Risk Borrowers",0,0.0,0.006949685534591195,"[LOW RISK] Send automated payment reminders, schedule regular financial health reviews, and maintain active borrower engagement for early warnings."
35,116520,1,72,7.74,1031371.99739342,2,0.12293692070030897,1.3634846083691152,248,3,"Secured, Moderate Risk Borrowers",0,0.0,0.0419496855345912,"[LOW RISK] Send automated payment reminders, schedule regular financial health reviews, and maintain active borrower engagement for early warnings."
52,32014,1,60,8.2,128409.110072719,7,0.06685044043231086,0.9259975194684286,161,3,"Secured, Moderate Risk Borrowers",0,0.0,0.09236635220125787,"[LOW RISK] Send automated payment reminders, schedule regular financial health reviews, and maintain active borrower engagement for early warnings."
46,151321,0,72,6.47,54636.4853950171,9,0.005014769926183412,1.214695675235735,507,2,"High Income, High Default Risk Borrowers",1,1.0,0.74125,"[MODERATE RISK] Offer structured settlements with penal interest adjustments, negotiate revised EMI plans, and initiate soft legal notices."
34,249554,0,72,14.85,1138870.72200153,3,0.06338367647883825,1.0129793498209045,0,3,"Secured, Moderate Risk Borrowers",0,0.0,0.02083333333333333,"[LOW RISK] Send automated payment reminders, schedule regular financial health reviews, and maintain active borrower engagement for early warnings."
52,46348,2,60,6.19,1886639.98561631,2,0.6784327263312333,1.217932690940103,0,0,"Low Income, High EMI Burden Borrowers",1,1.0,0.856904761904762,"[HIGH RISK] Initiate legal proceedings with asset seizure notices, escalate to external recovery agencies, and enforce loan recovery under default clauses."
49,173492,0,36,15.19,711068.133070498,8,0.11384899591912019,0.0,138,1,"Affluent, Low Risk Borrowers",0,0.0,0.0035833333333333333,"[LOW RISK] Send automated payment reminders, schedule regular financial health reviews, and maintain active borrower engagement for early warnings."
62,46367,0,24,11.65,104416.1336972,8,0.09383117303254469,0.0,57,1,"Affluent, Low Risk Borrowers",0,0.0,0.07416666666666666,"[LOW RISK] Send automated payment reminders, schedule regular financial health reviews, and maintain active borrower engagement for early warnings."
28,94141,1,60,5.2,50073.1862540196,3,0.008864894148139492,0.0,310,1,"Affluent, Low Risk Borrowers",0,0.0,0.05266397124887691,"[LOW RISK] Send automated payment reminders, schedule regular financial health reviews, and maintain active borrower engagement for early warnings."
33,105373,1,72,7.93,730981.457070449,8,0.09634840044413655,0.8874664638217543,78,3,"Secured, Moderate Risk Borrowers",0,0.0,0.008583333333333333,"[LOW RISK] Send automated payment reminders, schedule regular financial health reviews, and maintain active borrower engagement for early warnings."
52,155180,3,24,14.75,117102.384441767,1,0.03144264724835675,0.0,516,1,"Affluent, Low Risk Borrowers",0,1.0,0.7466666666666666,"[MODERATE RISK] Offer structured settlements with penal interest adjustments, negotiate revised EMI plans, and initiate soft legal notices."
35,228567,3,36,10.66,156364.780764853,3,0.019003049434082788,0.0,12,1,"Affluent, Low Risk Borrowers",0,0.0,0.011961590296495956,"[LOW RISK] Send automated payment reminders, schedule regular financial health reviews, and maintain active borrower engagement for early warnings."
41,187307,3,24,12.85,809930.731791291,5,0.18017004169625267,0.0,5,1,"Affluent, Low Risk Borrowers",0,0.0,0.10052380952380952,"[LOW RISK] Send automated payment reminders, schedule regular financial health reviews, and maintain active borrower engagement for early warnings."
59,215422,0,60,12.39,291413.005791598,1,0.02254588667824085,1.195187466210067,0,3,"Secured, Moderate Risk Borrowers",0,0.0,0.0009080188679245283,"[LOW RISK] Send automated payment reminders, schedule regular financial health reviews, and maintain active borrower engagement for early warnings."
44,76367,0,60,6.14,1207474.97886154,1,0.2635245590372805,0.7215172721131057,0,1,"Affluent, Low Risk Borrowers",0,0.0,0.22597349505840073,"[LOW RISK] Send automated payment reminders, schedule regular financial health reviews, and maintain active borrower engagement for early warnings."
21,112543,2,36,5.36,525086.211175468,9,0.12960139679944555,0.0,0,1,"Affluent, Low Risk Borrowers",0,0.0,0.018464285714285714,"[LOW RISK] Send automated payment reminders, schedule regular financial health reviews, and maintain active borrower engagement for early warnings."
22,217332,1,48,8.84,214915.518105388,3,0.020601706145436473,0.5332679711693574,352,3,"Secured, Moderate Risk Borrowers",0,0.0,0.03636635220125786,"[LOW RISK] Send automated payment reminders, schedule regular financial health reviews, and maintain active borrower engagement for early warnings."
35,155272,1,48,8.89,240573.141087948,9,0.0322784532948632,0.0,0,1,"Affluent, Low Risk Borrowers",0,0.0,0.0019166666666666666,"[LOW RISK] Send automated payment reminders, schedule regular financial health reviews, and maintain active borrower engagement for early warnings."
64,141969,3,48,16.69,1334283.20778049,9,0.19580028034289176,0.0,0,1,"Affluent, Low Risk Borrowers",0,0.0,0.3187380952380952,"[LOW RISK] Send automated payment reminders, schedule regular financial health reviews, and maintain active borrower engagement for early warnings."
47,183280,1,36,7.84,606744.215597293,1,0.09195771497162811,0.5317224918160313,1632,2,"High Income, High Default Risk Borrowers",1,1.0,0.8161163522012578,"[HIGH RISK] Initiate legal proceedings with asset seizure notices, escalate to external recovery agencies, and enforce loan recovery under default clauses."
57,165273,3,60,17.96,1246544.92794561,3,0.1257056506507415,0.7402194332083882,150,3,"Secured, Moderate Risk Borrowers",0,0.0,0.23139682539682538,"[LOW RISK] Send automated payment reminders, schedule regular financial health reviews, and maintain active borrower engagement for early warnings."
57,111546,3,60,16.79,153288.578289196,3,0.022903645132949634,1.0370413147419746,372,3,"Secured, Moderate Risk Borrowers",0,0.0,0.11349999999999999,"[LOW RISK] Send automated payment reminders, schedule regular financial health reviews, and maintain active borrower engagement for early warnings."
37,49707,3,36,5.78,1074385.85632364,8,0.6003993401331804,0.8115717395822285,194,0,"Low Income, High EMI Burden Borrowers",1,1.0,0.906388888888889,"[HIGH RISK] Initiate legal proceedings with asset seizure notices, escalate to external recovery agencies, and enforce loan recovery under default clauses."
49,20704,3,12,12.35,423464.591428974,2,1.7044397217928904,0.0,1104,0,"Low Income, High EMI Burden Borrowers",1,1.0,0.9625,"[HIGH RISK] Initiate legal proceedings with asset seizure notices, escalate to external recovery agencies, and enforce loan recovery under default clauses."
44,59738,3,72,13.28,176912.428353803,3,0.04113160802169473,0.6674597445179884,309,3,"Secured, Moderate Risk Borrowers",0,0.0,0.03025,"[LOW RISK] Send automated payment reminders, schedule regular financial health reviews, and maintain active borrower engagement for early warnings."
22,37612,1,36,5.65,345456.284419069,2,0.25513160693395726,0.0,6,1,"Affluent, Low Risk Borrowers",0,0.0,0.08202111410601975,"[LOW RISK] Send automated payment reminders, schedule regular financial health reviews, and maintain active borrower engagement for early warnings."
36,181129,2,60,16.22,279213.672538752,3,0.0256919653948291,1.2528486558822092,318,3,"Secured, Moderate Risk Borrowers",0,0.0,0.016083333333333335,"[LOW RISK] Send automated payment reminders, schedule regular financial health reviews, and maintain active borrower engagement for early warnings."
49,76929,0,24,5.86,165977.428738723,1,0.08989756788727267,0.0,0,1,"Affluent, Low Risk Borrowers",0,0.0,0.10657468553459121,"[LOW RISK] Send automated payment reminders, schedule regular financial health reviews, and maintain active borrower engagement for early warnings."
55,123177,3,48,13.98,1278685.05383065,9,0.2162682156571438,0.6182224120724581,147,1,"Affluent, Low Risk Borrowers",0,0.0,0.37990476190476186,"[LOW RISK] Send automated payment reminders, schedule regular financial health reviews, and maintain active borrower engagement for early warnings."
26,80681,3,24,12.12,946133.974003582,2,0.48861875782402303,1.1888105035899887,0,3,"Secured, Moderate Risk Borrowers",0,1.0,0.7254040404040404,"[MODERATE RISK] Offer structured settlements with penal interest adjustments, negotiate revised EMI plans, and initiate soft legal notices."
64,211049,1,36,13.66,288413.656975203,3,0.03796033148700065,0.5200232297321876,246,1,"Affluent, Low Risk Borrowers",0,0.0,0.03742857142857143,"[LOW RISK] Send automated payment reminders, schedule regular financial health reviews, and maintain active borrower engagement for early warnings."
38,147311,3,60,15.69,96824.9494438168,3,0.010954714854966702,1.232859187331831,39,3,"Secured, Moderate Risk Borrowers",0,0.0,0.005,"[LOW RISK] Send automated payment reminders, schedule regular financial health reviews, and maintain active borrower engagement for early warnings."
29,197958,1,60,6.16,336146.121672722,4,0.028301154790410087,0.9679804624780437,102,3,"Secured, Moderate Risk Borrowers",0,0.0,0.0005330188679245284,"[LOW RISK] Send automated payment reminders, schedule regular financial health reviews, and maintain active borrower engagement for early warnings."
25,113452,3,36,17.02,363917.68806298706,3,0.08910217536931918,0.0,984,2,"High Income, High Default Risk Borrowers",1,1.0,0.911111111111111,"[HIGH RISK] Initiate legal proceedings with asset seizure notices, escalate to external recovery agencies, and enforce loan recovery under default clauses."
46,41155,1,24,7.14,628650.577536903,8,0.6364662859919815,0.0,0,0,"Low Income, High EMI Burden Borrowers",1,1.0,0.8842135642135642,"[HIGH RISK] Initiate legal proceedings with asset seizure notices, escalate to external recovery agencies, and enforce loan recovery under default clauses."
60,143803,1,12,15.67,215746.169506119,10,0.12502416500351174,0.0,242,1,"Affluent, Low Risk Borrowers",0,0.0,0.28436904761904763,"[LOW RISK] Send automated payment reminders, schedule regular financial health reviews, and maintain active borrower engagement for early warnings."
64,131492,3,24,16.56,1438059.97848057,3,0.4556868098439449,0.0,352,0,"Low Income, High EMI Burden Borrowers",1,1.0,0.6601699134199134,"[MODERATE RISK] Offer structured settlements with penal interest adjustments, negotiate revised EMI plans, and initiate soft legal notices."
37,32727,2,48,5.39,227188.628292789,7,0.14462370519754333,0.0,133,1,"Affluent, Low Risk Borrowers",0,0.0,0.10708063791554358,"[LOW RISK] Send automated payment reminders, schedule regular financial health reviews, and maintain active borrower engagement for early warnings."
23,179827,0,12,16.38,139725.254576287,0,0.0647498429045694,1.06439538033899,21,3,"Secured, Moderate Risk Borrowers",0,0.0,0.10525595238095238,"[LOW RISK] Send automated payment reminders, schedule regular financial health reviews, and maintain active borrower engagement for early warnings."
45,235094,1,48,17.05,1501065.62381099,3,0.1330199834959633,1.2347085702650262,150,3,"Secured, Moderate Risk Borrowers",0,0.0,0.11686904761904762,"[LOW RISK] Send automated payment reminders, schedule regular financial health reviews, and maintain active borrower engagement for early warnings."
53,167747,2,60,5.08,509210.497956066,1,0.050593095554614984,0.0,45,1,"Affluent, Low Risk Borrowers",0,0.0,0.011997304582210242,"[LOW RISK] Send automated payment reminders, schedule regular financial health reviews, and maintain active borrower engagement for early warnings."
55,201898,0,60,14.02,363235.43256132305,6,0.02998504195187669,0.0,122,1,"Affluent, Low Risk Borrowers",0,0.0,0.00025,"[LOW RISK] Send automated payment reminders, schedule regular financial health reviews, and maintain active borrower engagement for early warnings."
58,52384,1,60,6.14,125797.179188435,10,0.04002405314599878,0.0,0,1,"Affluent, Low Risk Borrowers",0,0.0,0.05405952380952381,"[LOW RISK] Send automated payment reminders, schedule regular financial health reviews, and maintain active borrower engagement for early warnings."
53,101365,3,48,6.0,141876.095674158,3,0.02915947319094362,0.6859615075574181,0,3,"Secured, Moderate Risk Borrowers",0,0.0,0.03319968553459119,"[LOW RISK] Send automated payment reminders, schedule regular financial health reviews, and maintain active borrower engagement for early warnings."
56,174476,2,12,9.64,920342.971264843,5,0.4395747839244366,0.0,332,0,"Low Income, High EMI Burden Borrowers",1,1.0,0.96375,"[HIGH RISK] Initiate legal proceedings with asset seizure notices, escalate to external recovery agencies, and enforce loan recovery under default clauses."
30,71273,0,24,5.55,51376.5313838857,3,0.03003507639639134,0.0,69,1,"Affluent, Low Risk Borrowers",0,0.0,0.09911635220125786,"[LOW RISK] Send automated payment reminders, schedule regular financial health reviews, and maintain active borrower engagement for early warnings."
48,133413,1,48,9.14,803785.070506689,3,0.1255164039486407,0.0,44,1,"Affluent, Low Risk Borrowers",0,0.0,0.012783018867924528,"[LOW RISK] Send automated payment reminders, schedule regular financial health reviews, and maintain active borrower engagement for early warnings."
48,173280,3,36,8.58,1405426.02677751,7,0.22529784164358263,0.0,399,2,"High Income, High Default Risk Borrowers",1,1.0,0.6746904761904762,"[MODERATE RISK] Offer structured settlements with penal interest adjustments, negotiate revised EMI plans, and initiate soft legal notices."
45,141945,0,60,6.52,232572.508817266,3,0.027307830497727992,0.0,363,1,"Affluent, Low Risk Borrowers",0,0.0,0.12136635220125788,"[LOW RISK] Send automated payment reminders, schedule regular financial health reviews, and maintain active borrower engagement for early warnings."
23,201186,3,24,16.63,250017.848300034,1,0.05177999463183323,0.839220298391783,125,3,"Secured, Moderate Risk Borrowers",0,0.0,0.02,"[LOW RISK] Send automated payment reminders, schedule regular financial health reviews, and maintain active borrower engagement for early warnings."
61,32772,0,60,15.06,983707.758088647,3,0.5002785914805322,0.0,164,1,"Affluent, Low Risk Borrowers",0,1.0,0.6815000000000001,"[MODERATE RISK] Offer structured settlements with penal interest adjustments, negotiate revised EMI plans, and initiate soft legal notices."
50,51041,0,24,8.85,368351.622654138,3,0.30069904586508883,0.0,94,0,"Low Income, High EMI Burden Borrowers",1,0.0,0.21278301886792447,"[LOW RISK] Send automated payment reminders, schedule regular financial health reviews, and maintain active borrower engagement for early warnings."
44,21570,1,72,9.62,1529224.94767695,3,0.984665739452944,0.0,282,0,"Low Income, High EMI Burden Borrowers",1,1.0,0.9060714285714284,"[HIGH RISK] Initiate legal proceedings with asset seizure notices, escalate to external recovery agencies, and enforce loan recovery under default clauses."
53,104152,3,36,9.16,404570.456550162,2,0.10790066441354942,0.5614251292598326,468,2,"High Income, High Default Risk Borrowers",1,0.0,0.41028301886792456,"[LOW RISK] Send automated payment reminders, schedule regular financial health reviews, and maintain active borrower engagement for early warnings."
32,68363,0,72,6.64,758611.25702652,0,0.15412240539473107,0.0,57,1,"Affluent, Low Risk Borrowers",0,0.0,0.054669923629829295,"[LOW RISK] Send automated payment reminders, schedule regular financial health reviews, and maintain active borrower engagement for early warnings."
48,247601,1,24,13.62,1448461.5063035,0,0.24374925787860308,1.0618637898095178,0,3,"Secured, Moderate Risk Borrowers",0,0.0,0.1984404761904762,"[LOW RISK] Send automated payment reminders, schedule regular financial health reviews, and maintain active borrower engagement for early warnings."
55,33743,1,72,7.78,503983.519106356,2,0.20744361793557184,1.1995965330235316,268,3,"Secured, Moderate Risk Borrowers",0,0.0,0.15578301886792456,"[LOW RISK] Send automated payment reminders, schedule regular financial health reviews, and maintain active borrower engagement for early warnings."
45,219451,2,60,15.15,260823.575310141,8,0.019808795585347073,0.0,0,1,"Affluent, Low Risk Borrowers",0,0.0,0.00025,"[LOW RISK] Send automated payment reminders, schedule regular financial health reviews, and maintain active borrower engagement for early warnings."
53,50585,1,48,9.2,167474.729156563,1,0.06897420183848967,0.0,92,1,"Affluent, Low Risk Borrowers",0,0.0,0.010283018867924529,"[LOW RISK] Send automated payment reminders, schedule regular financial health reviews, and maintain active borrower engagement for early warnings."
45,244104,2,60,14.98,877296.205205878,3,0.05989905941729755,0.6993454894711829,290,3,"Secured, Moderate Risk Borrowers",0,0.0,0.01625,"[LOW RISK] Send automated payment reminders, schedule regular financial health reviews, and maintain active borrower engagement for early warnings."
55,249386,3,60,14.54,293616.11428963,0,0.019622593088625667,1.051936361060466,128,3,"Secured, Moderate Risk Borrowers",0,0.0,0.03316666666666667,"[LOW RISK] Send automated payment reminders, schedule regular financial health reviews, and maintain active borrower engagement for early warnings."
57,83619,3,60,9.72,407164.059567573,0,0.08115464188760928,1.0020081977391826,336,3,"Secured, Moderate Risk Borrowers",0,0.0,0.05861635220125787,"[LOW RISK] Send automated payment reminders, schedule regular financial health reviews, and maintain active borrower engagement for early warnings."
22,173285,1,24,13.53,73908.6479983408,2,0.01777147473814814,0.0,106,1,"Affluent, Low Risk Borrowers",0,0.0,0.015333333333333332,"[LOW RISK] Send automated payment reminders, schedule regular financial health reviews, and maintain active borrower engagement for early warnings."
21,161470,3,36,14.54,315879.615581629,2,0.054340930203753024,0.0,55,1,"Affluent, Low Risk Borrowers",0,0.0,0.0014285714285714286,"[LOW RISK] Send automated payment reminders, schedule regular financial health reviews, and maintain active borrower engagement for early warnings."
43,171683,1,72,14.49,100554.244832881,3,0.008134701746824088,1.3222281125770103,102,3,"Secured, Moderate Risk Borrowers",0,0.0,0.008333333333333333,"[LOW RISK] Send automated payment reminders, schedule regular financial health reviews, and maintain active borrower engagement for early warnings."
25,96437,0,36,16.07,737589.931705971,2,0.21245590385432978,0.9991989468413285,0,3,"Secured, Moderate Risk Borrowers",0,0.0,0.026291666666666665,"[LOW RISK] Send automated payment reminders, schedule regular financial health reviews, and maintain active borrower engagement for early warnings."
23,247750,3,36,9.32,1287474.56067148,3,0.14435188698284562,1.0275636489994215,86,3,"Secured, Moderate Risk Borrowers",0,0.0,0.26603571428571426,"[LOW RISK] Send automated payment reminders, schedule regular financial health reviews, and maintain active borrower engagement for early warnings."
62,22151,0,36,8.96,1529768.34372039,1,1.91835899056476,0.0,140,0,"Low Income, High EMI Burden Borrowers",1,1.0,0.9544047619047619,"[HIGH RISK] Initiate legal proceedings with asset seizure notices, escalate to external recovery agencies, and enforce loan recovery under default clauses."
49,61479,1,72,15.92,1355583.5642285,1,0.3062435953740301,1.083127823452868,357,2,"High Income, High Default Risk Borrowers",1,0.0,0.4740833333333334,"[LOW RISK] Send automated payment reminders, schedule regular financial health reviews, and maintain active borrower engagement for early warnings."
64,48397,1,12,12.76,137808.141805415,2,0.23728764179597908,0.9625935471051525,84,0,"Low Income, High EMI Burden Borrowers",1,0.0,0.4082142857142857,"[LOW RISK] Send automated payment reminders, schedule regular financial health reviews, and maintain active borrower engagement for early warnings."
49,103920,3,24,16.84,19785.3902164203,3,0.007932929176289454,0.0,26,1,"Affluent, Low Risk Borrowers",0,0.0,0.050706349206349206,"[LOW RISK] Send automated payment reminders, schedule regular financial health reviews, and maintain active borrower engagement for early warnings."
41,240952,3,36,15.44,51917.0135642684,0,0.005985175470633155,0.0,147,1,"Affluent, Low Risk Borrowers",0,0.0,0.0014285714285714286,"[LOW RISK] Send automated payment reminders, schedule regular financial health reviews, and maintain active borrower engagement for early warnings."
56,166409,1,60,16.76,1440657.06476804,2,0.14428877043909885,1.3456535222773447,71,3,"Secured, Moderate Risk Borrowers",0,0.0,0.29621428571428576,"[LOW RISK] Send automated payment reminders, schedule regular financial health reviews, and maintain active borrower engagement for early warnings."
42,155507,3,60,7.88,116492.978044831,2,0.012485290051251713,0.0,222,1,"Affluent, Low Risk Borrowers",0,0.0,0.016711590296495958,"[LOW RISK] Send automated payment reminders, schedule regular financial health reviews, and maintain active borrower engagement for early warnings."
39,39596,1,36,16.5,200807.890377593,0,0.1408728154359026,0.0,309,1,"Affluent, Low Risk Borrowers",0,0.0,0.07957142857142857,"[LOW RISK] Send automated payment reminders, schedule regular financial health reviews, and maintain active borrower engagement for early warnings."
53,32633,3,36,9.39,622029.658511845,0,0.5294824257653296,0.0,18,0,"Low Income, High EMI Burden Borrowers",1,1.0,0.8628809523809522,"[HIGH RISK] Initiate legal proceedings with asset seizure notices, escalate to external recovery agencies, and enforce loan recovery under default clauses."
29,69061,2,72,17.86,234794.08783136,3,0.04721955951984478,0.0,218,1,"Affluent, Low Risk Borrowers",0,0.0,0.027777777777777776,"[LOW RISK] Send automated payment reminders, schedule regular financial health reviews, and maintain active borrower engagement for early warnings."
33,62055,0,48,14.69,204588.696315147,2,0.06868519861413262,1.3080678171160236,0,3,"Secured, Moderate Risk Borrowers",0,0.0,0.000625,"[LOW RISK] Send automated payment reminders, schedule regular financial health reviews, and maintain active borrower engagement for early warnings."
59,83910,2,72,11.4,299378.888345821,0,0.04955356930044095,1.0993729928719835,42,3,"Secured, Moderate Risk Borrowers",0,0.0,0.028616352201257862,"[LOW RISK] Send automated payment reminders, schedule regular financial health reviews, and maintain active borrower engagement for early warnings."
53,64104,3,36,9.48,325165.338988927,3,0.14090181579932612,0.0,0,1,"Affluent, Low Risk Borrowers",0,0.0,0.015294923629829291,"[LOW RISK] Send automated payment reminders, schedule regular financial health reviews, and maintain active borrower engagement for early warnings."
32,126453,0,36,11.58,1436350.59908076,0,0.3155214190252505,0.0,12,1,"Affluent, Low Risk Borrowers",0,1.0,0.5112857142857143,"[MODERATE RISK] Offer structured settlements with penal interest adjustments, negotiate revised EMI plans, and initiate soft legal notices."
22,34169,3,60,11.49,1045256.14266127,0,0.5098463519564517,0.9308582753822721,30,3,"Secured, Moderate Risk Borrowers",0,1.0,0.7181666666666666,"[MODERATE RISK] Offer structured settlements with penal interest adjustments, negotiate revised EMI plans, and initiate soft legal notices."
38,220244,3,60,16.15,62971.5914916047,3,0.0047653057518025465,1.2059562365800056,75,3,"Secured, Moderate Risk Borrowers",0,0.0,0.0,"[LOW RISK] Send automated payment reminders, schedule regular financial health reviews, and maintain active borrower engagement for early warnings."
51,152084,3,36,10.98,301110.462936102,2,0.05499710686199732,0.0,972,2,"High Income, High Default Risk Borrowers",1,1.0,0.8711163522012577,"[HIGH RISK] Initiate legal proceedings with asset seizure notices, escalate to external recovery agencies, and enforce loan recovery under default clauses."
53,71088,1,36,16.14,830616.636380052,0,0.3245650461399955,1.3029813013091025,0,3,"Secured, Moderate Risk Borrowers",0,0.0,0.21705555555555553,"[LOW RISK] Send automated payment reminders, schedule regular financial health reviews, and maintain active borrower engagement for early warnings."
60,161649,2,48,16.35,665429.675046879,3,0.08576062951209101,0.9522024791035357,124,3,"Secured, Moderate Risk Borrowers",0,0.0,0.046952380952380954,"[LOW RISK] Send automated payment reminders, schedule regular financial health reviews, and maintain active borrower engagement for early warnings."
24,107324,0,36,17.8,920061.92216765,3,0.23813201147925905,1.3176233783044862,92,3,"Secured, Moderate Risk Borrowers",0,0.0,0.051500000000000004,"[LOW RISK] Send automated payment reminders, schedule regular financial health reviews, and maintain active borrower engagement for early warnings."
36,61819,1,72,6.4,773648.585079842,3,0.17381581714359665,1.237880415168739,0,3,"Secured, Moderate Risk Borrowers",0,0.0,0.05486635220125786,"[LOW RISK] Send automated payment reminders, schedule regular financial health reviews, and maintain active borrower engagement for early warnings."
28,130142,2,24,8.01,234737.872955981,10,0.0751543698421724,0.0,115,1,"Affluent, Low Risk Borrowers",0,0.0,0.06355952380952382,"[LOW RISK] Send automated payment reminders, schedule regular financial health reviews, and maintain active borrower engagement for early warnings."
48,177982,3,72,7.71,428391.422250232,1,0.033429672663527775,1.3248069479798268,0,3,"Secured, Moderate Risk Borrowers",0,0.0,0.01528301886792453,"[LOW RISK] Send automated payment reminders, schedule regular financial health reviews, and maintain active borrower engagement for early warnings."
42,218532,0,36,15.16,428739.232057388,0,0.054497373382387936,0.0,135,1,"Affluent, Low Risk Borrowers",0,0.0,0.003482142857142857,"[LOW RISK] Send automated payment reminders, schedule regular financial health reviews, and maintain active borrower engagement for early warnings."
23,79106,1,72,15.77,1045269.95540203,3,0.18352135109852602,0.0,62,1,"Affluent, Low Risk Borrowers",0,0.0,0.026333333333333334,"[LOW RISK] Send automated payment reminders, schedule regular financial health reviews, and maintain active borrower engagement for early warnings."
40,93714,1,48,16.72,113057.520135044,3,0.025133597968286486,0.7122856416685905,150,3,"Secured, Moderate Risk Borrowers",0,0.0,0.018333333333333333,"[LOW RISK] Send automated payment reminders, schedule regular financial health reviews, and maintain active borrower engagement for early warnings."
54,190915,1,72,15.49,236201.138634556,0,0.01718340622790247,0.0,76,1,"Affluent, Low Risk Borrowers",0,0.0,0.0,"[LOW RISK] Send automated payment reminders, schedule regular financial health reviews, and maintain active borrower engagement for early warnings."
39,122522,0,36,15.87,611574.348713793,2,0.13865411926021448,1.1740175348839685,284,3,"Secured, Moderate Risk Borrowers",0,0.0,0.010625,"[LOW RISK] Send automated payment reminders, schedule regular financial health reviews, and maintain active borrower engagement for early warnings."
21,243071,2,48,8.12,52957.6155352274,0,0.0045389207268658124,1.273183501258759,288,3,"Secured, Moderate Risk Borrowers",0,0.0,0.01928301886792453,"[LOW RISK] Send automated payment reminders, schedule regular financial health reviews, and maintain active borrower engagement for early warnings."
51,210246,3,24,15.76,1733617.91459065,3,0.34356934257964483,0.0,306,2,"High Income, High Default Risk Borrowers",1,1.0,0.5948333333333333,"[MODERATE RISK] Offer structured settlements with penal interest adjustments, negotiate revised EMI plans, and initiate soft legal notices."
48,234648,3,36,12.06,156648.603274158,6,0.018544159762708397,0.9512666140731146,507,2,"High Income, High Default Risk Borrowers",1,1.0,0.7224496855345913,"[MODERATE RISK] Offer structured settlements with penal interest adjustments, negotiate revised EMI plans, and initiate soft legal notices."
44,125677,2,60,14.1,244140.659381712,1,0.03237672764308505,0.0,453,1,"Affluent, Low Risk Borrowers",0,0.0,0.27749999999999997,"[LOW RISK] Send automated payment reminders, schedule regular financial health reviews, and maintain active borrower engagement for early warnings."
32,139481,3,36,16.59,568455.058743997,3,0.1132083939748066,1.3329373923186632,113,3,"Secured, Moderate Risk Borrowers",0,0.0,0.02,"[LOW RISK] Send automated payment reminders, schedule regular financial health reviews, and maintain active borrower engagement for early warnings."
28,190211,0,36,17.33,114062.720957693,2,0.016657343686747875,0.0,0,1,"Affluent, Low Risk Borrowers",0,0.0,0.014499999999999999,"[LOW RISK] Send automated payment reminders, schedule regular financial health reviews, and maintain active borrower engagement for early warnings."
52,224988,1,12,15.32,1534190.72316752,9,0.5682491066190196,0.7794453073189033,129,0,"Low Income, High EMI Burden Borrowers",1,1.0,0.6410833333333333,"[MODERATE RISK] Offer structured settlements with penal interest adjustments, negotiate revised EMI plans, and initiate soft legal notices."
60,96537,1,48,13.42,736511.154422937,0,0.1589440318219957,0.759603283708479,214,1,"Affluent, Low Risk Borrowers",0,0.0,0.03019047619047619,"[LOW RISK] Send automated payment reminders, schedule regular financial health reviews, and maintain active borrower engagement for early warnings."
23,108680,1,12,5.38,1315302.2127769,4,1.0085436142804565,0.0,0,0,"Low Income, High EMI Burden Borrowers",1,1.0,0.9033333333333334,"[HIGH RISK] Initiate legal proceedings with asset seizure notices, escalate to external recovery agencies, and enforce loan recovery under default clauses."
53,91619,3,72,12.8,757142.080668226,0,0.11477815736910467,0.0,272,1,"Affluent, Low Risk Borrowers",0,0.0,0.034523809523809526,"[LOW RISK] Send automated payment reminders, schedule regular financial health reviews, and maintain active borrower engagement for early warnings."
22,198305,2,36,5.54,608360.756499746,0,0.08521676205844532,0.0,173,1,"Affluent, Low Risk Borrowers",0,0.0,0.002783018867924528,"[LOW RISK] Send automated payment reminders, schedule regular financial health reviews, and maintain active borrower engagement for early warnings."
23,189668,1,72,5.68,1138280.18532964,0,0.0833532804690301,0.7205087871366485,411,2,"High Income, High Default Risk Borrowers",1,0.0,0.3390330188679245,"[LOW RISK] Send automated payment reminders, schedule regular financial health reviews, and maintain active borrower engagement for early warnings."
64,147130,3,36,8.24,281352.597419809,2,0.053118670563447296,0.6054052859561663,171,1,"Affluent, Low Risk Borrowers",0,0.0,0.04585714285714285,"[LOW RISK] Send automated payment reminders, schedule regular financial health reviews, and maintain active borrower engagement for early warnings."
26,238131,0,72,8.71,604778.220118326,7,0.035273441929022264,1.4158075833506734,0,3,"Secured, Moderate Risk Borrowers",0,0.0,0.010533018867924529,"[LOW RISK] Send automated payment reminders, schedule regular financial health reviews, and maintain active borrower engagement for early warnings."
53,53067,2,48,16.68,559027.203338009,7,0.21946595812840372,0.5410681727904058,120,1,"Affluent, Low Risk Borrowers",0,0.0,0.021666666666666664,"[LOW RISK] Send automated payment reminders, schedule regular financial health reviews, and maintain active borrower engagement for early warnings."
44,27115,0,48,12.56,412834.439480011,10,0.3171941729669924,1.2110009619498117,87,3,"Secured, Moderate Risk Borrowers",0,0.0,0.2723095238095238,"[LOW RISK] Send automated payment reminders, schedule regular financial health reviews, and maintain active borrower engagement for early warnings."
46,182450,3,60,10.46,937450.182085454,6,0.08563535215127432,1.0922213993314405,0,3,"Secured, Moderate Risk Borrowers",0,0.0,0.03111635220125786,"[LOW RISK] Send automated payment reminders, schedule regular financial health reviews, and maintain active borrower engagement for early warnings."
40,169243,1,48,7.08,78279.9401813356,5,0.009636026305371566,0.0,352,1,"Affluent, Low Risk Borrowers",0,0.0,0.05528301886792453,"[LOW RISK] Send automated payment reminders, schedule regular financial health reviews, and maintain active borrower engagement for early warnings."
41,135585,3,60,13.06,161329.389606441,3,0.01983124976951728,0.6218880825322707,954,2,"High Income, High Default Risk Borrowers",1,1.0,0.9358333333333334,"[HIGH RISK] Initiate legal proceedings with asset seizure notices, escalate to external recovery agencies, and enforce loan recovery under default clauses."
29,237127,1,72,11.51,1584600.20154235,2,0.0928124591463646,0.0,375,2,"High Income, High Default Risk Borrowers",1,0.0,0.2663333333333333,"[LOW RISK] Send automated payment reminders, schedule regular financial health reviews, and maintain active borrower engagement for early warnings."
61,210229,3,48,14.42,262208.331988399,3,0.025984378939156824,1.1633625340146807,60,3,"Secured, Moderate Risk Borrowers",0,0.0,0.06052380952380952,"[LOW RISK] Send automated payment reminders, schedule regular financial health reviews, and maintain active borrower engagement for early warnings."
49,15207,1,72,10.17,1529736.28310652,9,1.397142105609259,0.0,78,0,"Low Income, High EMI Burden Borrowers",1,1.0,0.862,"[HIGH RISK] Initiate legal proceedings with asset seizure notices, escalate to external recovery agencies, and enforce loan recovery under default clauses."
